lat,lon,temp_c,battery_pct,flags3,time_s
80.02,0.02,-15.1,99.995,5,0
80.02,0.02,-15.1,99.99000000000001,5,2
80.02,0.02,-15.1,99.98500000000001,5,4
80.02,0.02,-15.1,99.98000000000002,5,6
80.02,0.02,-15.1,99.97500000000002,5,8
80.02,0.02,-15.1,99.97000000000003,5,10
80.02,0.02,-15.1,99.96500000000003,5,12
80.03999999999999,0.04,-15.1,99.96000000000004,5,14
80.03999999999999,0.04,-15.1,99.95500000000004,5,16
80.03999999999999,0.04,-15.1,99.95000000000005,5,18
80.03999999999999,0.04,-15.1,99.94500000000005,5,20
80.03999999999999,0.04,-15.1,99.94000000000005,5,22
80.03999999999999,0.04,-15.1,99.93500000000006,5,24
80.03999999999999,0.04,-15.1,99.93000000000006,5,26
80.05999999999999,0.06,-15.1,99.92500000000007,5,28
80.05999999999999,0.06,-15.1,99.92000000000007,5,30
80.05999999999999,0.06,-15.1,99.91500000000008,5,32
80.05999999999999,0.06,-15.1,99.91000000000008,5,34
80.05999999999999,0.06,-15.1,99.90500000000009,5,36
80.05999999999999,0.06,-15.1,99.90000000000009,5,38
80.05999999999999,0.06,-15.1,99.8950000000001,5,40
80.07999999999998,0.08,-15.1,99.8900000000001,5,42
80.07999999999998,0.08,-15.1,99.8850000000001,5,44
80.07999999999998,0.08,-15.1,99.88000000000011,5,46
80.07999999999998,0.08,-15.1,99.87500000000011,5,48
80.07999999999998,0.08,-15.1,99.87000000000012,5,50
80.07999999999998,0.08,-15.1,99.86500000000012,5,52
80.07999999999998,0.08,-15.1,99.86000000000013,5,54
80.09999999999998,0.1,-15.1,99.85500000000013,5,56
80.09999999999998,0.1,-15.1,99.85000000000014,5,58
80.09999999999998,0.1,-15.1,99.84500000000014,5,60
80.09999999999998,0.1,-15.1,99.84000000000015,5,62
80.09999999999998,0.1,-15.1,99.83500000000015,5,64
80.09999999999998,0.1,-15.1,99.83000000000015,5,66
80.09999999999998,0.1,-15.1,99.82500000000016,5,68
80.11999999999998,0.12000000000000001,-15.1,99.82000000000016,5,70
80.11999999999998,0.12000000000000001,-15.1,99.81500000000017,5,72
80.11999999999998,0.12000000000000001,-15.1,99.81000000000017,5,74
80.11999999999998,0.12000000000000001,-15.1,99.80500000000018,5,76
80.11999999999998,0.12000000000000001,-15.1,99.80000000000018,5,78
80.11999999999998,0.12000000000000001,-15.1,99.79500000000019,5,80
80.11999999999998,0.12000000000000001,-15.1,99.79000000000019,5,82
80.13999999999997,0.14,-15.1,99.7850000000002,5,84
80.13999999999997,0.14,-15.1,99.7800000000002,5,86
80.13999999999997,0.14,-15.1,99.7750000000002,5,88
80.13999999999997,0.14,-15.1,99.77000000000021,5,90
80.13999999999997,0.14,-15.1,99.76500000000021,5,92
80.13999999999997,0.14,-15.1,99.76000000000022,5,94
80.13999999999997,0.14,-15.1,99.75500000000022,5,96
80.15999999999997,0.16,-15.1,99.75000000000023,5,98
80.15999999999997,0.16,-15.1,99.74500000000023,5,100
80.15999999999997,0.16,-15.1,99.74000000000024,5,102
80.15999999999997,0.16,-15.1,99.73500000000024,5,104
80.15999999999997,0.16,-15.1,99.73000000000025,5,106
80.15999999999997,0.16,-15.1,99.72500000000025,5,108
80.15999999999997,0.16,-15.1,99.72000000000025,5,110
80.17999999999996,0.18,-15.1,99.71500000000026,5,112
80.17999999999996,0.18,-15.1,99.71000000000026,5,114
80.17999999999996,0.18,-15.1,99.70500000000027,5,116
80.17999999999996,0.18,-15.1,99.70000000000027,5,118
80.17999999999996,0.18,-15.1,99.69500000000028,5,120
80.17999999999996,0.18,-15.1,99.69000000000028,5,122
80.17999999999996,0.18,-15.1,99.68500000000029,5,124
80.19999999999996,0.19999999999999998,-15.1,99.68000000000029,5,126
80.19999999999996,0.19999999999999998,-15.1,99.6750000000003,5,128
80.19999999999996,0.19999999999999998,-15.1,99.6700000000003,5,130
80.19999999999996,0.19999999999999998,-15.1,99.6650000000003,5,132
80.19999999999996,0.19999999999999998,-15.1,99.66000000000031,5,134
80.19999999999996,0.19999999999999998,-15.1,99.65500000000031,5,136
80.19999999999996,0.19999999999999998,-15.1,99.65000000000032,5,138
80.21999999999996,0.21999999999999997,-15.1,99.64500000000032,5,140
80.21999999999996,0.21999999999999997,-15.1,99.64000000000033,5,142
80.21999999999996,0.21999999999999997,-15.1,99.63500000000033,5,144
80.21999999999996,0.21999999999999997,-15.1,99.63000000000034,5,146
80.21999999999996,0.21999999999999997,-15.1,99.62500000000034,5,148
80.21999999999996,0.21999999999999997,-15.1,99.62000000000035,5,150
80.21999999999996,0.21999999999999997,-15.1,99.61500000000035,5,152
80.23999999999995,0.23999999999999996,-15.1,99.61000000000035,5,154
80.23999999999995,0.23999999999999996,-15.1,99.60500000000036,5,156
80.23999999999995,0.23999999999999996,-15.1,99.60000000000036,5,158
80.23999999999995,0.23999999999999996,-15.1,99.59500000000037,5,160
80.23999999999995,0.23999999999999996,-15.1,99.59000000000037,5,162
80.23999999999995,0.23999999999999996,-15.1,99.58500000000038,5,164
80.23999999999995,0.23999999999999996,-15.1,99.58000000000038,5,166
80.25999999999995,0.25999999999999995,-15.1,99.57500000000039,5,168
80.25999999999995,0.25999999999999995,-15.1,99.57000000000039,5,170
80.25999999999995,0.25999999999999995,-15.1,99.5650000000004,5,172
80.25999999999995,0.25999999999999995,-15.1,99.5600000000004,5,174
80.25999999999995,0.25999999999999995,-15.1,99.5550000000004,5,176
80.25999999999995,0.25999999999999995,-15.1,99.55000000000041,5,178
80.25999999999995,0.25999999999999995,-15.1,99.54500000000041,5,180
80.27999999999994,0.27999999999999997,-15.1,99.54000000000042,5,182
80.27999999999994,0.27999999999999997,-15.1,99.53500000000042,5,184
80.27999999999994,0.27999999999999997,-15.1,99.53000000000043,5,186
80.27999999999994,0.27999999999999997,-15.1,99.52500000000043,5,188
80.27999999999994,0.27999999999999997,-15.1,99.52000000000044,5,190
80.27999999999994,0.27999999999999997,-15.1,99.51500000000044,5,192
80.27999999999994,0.27999999999999997,-15.1,99.51000000000045,5,194
80.29999999999994,0.3,-15.1,99.50500000000045,5,196
80.29999999999994,0.3,-15.1,99.50000000000045,5,198
80.29999999999994,0.3,-15.1,99.49500000000046,5,200
80.29999999999994,0.3,-15.1,99.49000000000046,5,202
80.29999999999994,0.3,-15.1,99.48500000000047,5,204
80.29999999999994,0.3,-15.1,99.48000000000047,5,206
80.29999999999994,0.3,-15.1,99.47500000000048,5,208
80.31999999999994,0.32,-15.1,99.47000000000048,5,210
80.31999999999994,0.32,-15.1,99.46500000000049,5,212
80.31999999999994,0.32,-15.1,99.46000000000049,5,214
80.31999999999994,0.32,-15.1,99.4550000000005,5,216
80.31999999999994,0.32,-15.1,99.4500000000005,5,218
80.31999999999994,0.32,-15.1,99.4450000000005,5,220
80.31999999999994,0.32,-15.1,99.44000000000051,5,222
80.33999999999993,0.34,-15.1,99.43500000000051,5,224
80.33999999999993,0.34,-15.1,99.43000000000052,5,226
80.33999999999993,0.34,-15.1,99.42500000000052,5,228
80.33999999999993,0.34,-15.1,99.42000000000053,5,230
80.33999999999993,0.34,-15.1,99.41500000000053,5,232
80.33999999999993,0.34,-15.1,99.41000000000054,5,234
80.33999999999993,0.34,-15.1,99.40500000000054,5,236
80.35999999999993,0.36000000000000004,-15.1,99.40000000000055,5,238
80.35999999999993,0.36000000000000004,-15.1,99.39500000000055,5,240
80.35999999999993,0.36000000000000004,-15.1,99.39000000000055,5,242
80.35999999999993,0.36000000000000004,-15.1,99.38500000000056,5,244
80.35999999999993,0.36000000000000004,-15.1,99.38000000000056,5,246
80.35999999999993,0.36000000000000004,-15.1,99.37500000000057,5,248
80.35999999999993,0.36000000000000004,-15.1,99.37000000000057,5,250
80.37999999999992,0.38000000000000006,-15.1,99.36500000000058,5,252
80.37999999999992,0.38000000000000006,-15.1,99.36000000000058,5,254
80.37999999999992,0.38000000000000006,-15.1,99.35500000000059,5,256
80.37999999999992,0.38000000000000006,-15.1,99.35000000000059,5,258
80.37999999999992,0.38000000000000006,-15.1,99.3450000000006,5,260
80.37999999999992,0.38000000000000006,-15.1,99.3400000000006,5,262
80.37999999999992,0.38000000000000006,-15.1,99.3350000000006,5,264
80.39999999999992,0.4000000000000001,-15.1,99.33000000000061,5,266
80.39999999999992,0.4000000000000001,-15.1,99.32500000000061,5,268
80.39999999999992,0.4000000000000001,-15.1,99.32000000000062,5,270
80.39999999999992,0.4000000000000001,-15.1,99.31500000000062,5,272
80.39999999999992,0.4000000000000001,-15.1,99.31000000000063,5,274
80.39999999999992,0.4000000000000001,-15.1,99.30500000000063,5,276
80.39999999999992,0.4000000000000001,-15.1,99.30000000000064,5,278
80.41999999999992,0.4200000000000001,-15.1,99.29500000000064,5,280
80.41999999999992,0.4200000000000001,-15.1,99.29000000000065,5,282
80.41999999999992,0.4200000000000001,-15.1,99.28500000000065,5,284
80.41999999999992,0.4200000000000001,-15.1,99.28000000000065,5,286
80.41999999999992,0.4200000000000001,-15.1,99.27500000000066,5,288
80.41999999999992,0.4200000000000001,-15.1,99.27000000000066,5,290
80.41999999999992,0.4200000000000001,-15.1,99.26500000000067,5,292
80.43999999999991,0.4400000000000001,-15.1,99.26000000000067,5,294
80.43999999999991,0.4400000000000001,-15.1,99.25500000000068,5,296
80.43999999999991,0.4400000000000001,-15.1,99.25000000000068,5,298
80.43999999999991,0.4400000000000001,-15.1,99.24500000000069,5,300
80.43999999999991,0.4400000000000001,-15.1,99.24000000000069,5,302
80.43999999999991,0.4400000000000001,-15.1,99.2350000000007,5,304
80.43999999999991,0.4400000000000001,-15.1,99.2300000000007,5,306
80.45999999999991,0.46000000000000013,-15.1,99.2250000000007,5,308
80.45999999999991,0.46000000000000013,-15.1,99.22000000000071,5,310
80.45999999999991,0.46000000000000013,-15.1,99.21500000000071,5,312
80.45999999999991,0.46000000000000013,-15.1,99.21000000000072,5,314
80.45999999999991,0.46000000000000013,-15.1,99.20500000000072,5,316
80.45999999999991,0.46000000000000013,-15.1,99.20000000000073,5,318
80.45999999999991,0.46000000000000013,-15.1,99.19500000000073,5,320
80.4799999999999,0.48000000000000015,-15.1,99.19000000000074,5,322
80.4799999999999,0.48000000000000015,-15.1,99.18500000000074,5,324
80.4799999999999,0.48000000000000015,-15.1,99.18000000000075,5,326
80.4799999999999,0.48000000000000015,-15.1,99.17500000000075,5,328
80.4799999999999,0.48000000000000015,-15.1,99.17000000000075,5,330
80.4799999999999,0.48000000000000015,-15.1,99.16500000000076,5,332
80.4799999999999,0.48000000000000015,-15.1,99.16000000000076,5,334
80.4999999999999,0.5000000000000001,-15.1,99.15500000000077,5,336
80.4999999999999,0.5000000000000001,-15.1,99.15000000000077,5,338
80.4999999999999,0.5000000000000001,-15.1,99.14500000000078,5,340
80.4999999999999,0.5000000000000001,-15.1,99.14000000000078,5,342
80.4999999999999,0.5000000000000001,-15.1,99.13500000000079,5,344
80.4999999999999,0.5000000000000001,-15.1,99.13000000000079,5,346
80.4999999999999,0.5000000000000001,-15.1,99.1250000000008,5,348
80.5199999999999,0.5200000000000001,-15.1,99.1200000000008,5,350
80.5199999999999,0.5200000000000001,-15.1,99.1150000000008,5,352
80.5199999999999,0.5200000000000001,-15.1,99.11000000000081,5,354
80.5199999999999,0.5200000000000001,-15.1,99.10500000000081,5,356
80.5199999999999,0.5200000000000001,-15.1,99.10000000000082,5,358
80.5199999999999,0.5200000000000001,-15.1,99.09500000000082,5,360
80.5199999999999,0.5200000000000001,-15.1,99.09000000000083,5,362
80.53999999999989,0.5400000000000001,-15.1,99.08500000000083,5,364
80.53999999999989,0.5400000000000001,-15.1,99.08000000000084,5,366
80.53999999999989,0.5400000000000001,-15.1,99.07500000000084,5,368
80.53999999999989,0.5400000000000001,-15.1,99.07000000000085,5,370
80.53999999999989,0.5400000000000001,-15.1,99.06500000000085,5,372
80.53999999999989,0.5400000000000001,-15.1,99.06000000000085,5,374
80.53999999999989,0.5400000000000001,-15.1,99.05500000000086,5,376
80.55999999999989,0.5600000000000002,-15.1,99.05000000000086,5,378
80.55999999999989,0.5600000000000002,-15.1,99.04500000000087,5,380
80.55999999999989,0.5600000000000002,-15.1,99.04000000000087,5,382
80.55999999999989,0.5600000000000002,-15.1,99.03500000000088,5,384
80.55999999999989,0.5600000000000002,-15.1,99.03000000000088,5,386
80.55999999999989,0.5600000000000002,-15.1,99.02500000000089,5,388
80.55999999999989,0.5600000000000002,-15.1,99.02000000000089,5,390
80.57999999999988,0.5800000000000002,-15.1,99.0150000000009,5,392
80.57999999999988,0.5800000000000002,-15.1,99.0100000000009,5,394
80.57999999999988,0.5800000000000002,-15.1,99.0050000000009,5,396
80.57999999999988,0.5800000000000002,-15.1,99.00000000000091,5,398
80.57999999999988,0.5800000000000002,-15.1,98.99500000000091,5,400
80.57999999999988,0.5800000000000002,-15.1,98.99000000000092,5,402
80.57999999999988,0.5800000000000002,-15.1,98.98500000000092,5,404
80.59999999999988,0.6000000000000002,-15.1,98.98000000000093,5,406
80.59999999999988,0.6000000000000002,-15.1,98.97500000000093,5,408
80.59999999999988,0.6000000000000002,-15.1,98.97000000000094,5,410
80.59999999999988,0.6000000000000002,-15.1,98.96500000000094,5,412
80.59999999999988,0.6000000000000002,-15.1,98.96000000000095,5,414
80.59999999999988,0.6000000000000002,-15.1,98.95500000000095,5,416
80.59999999999988,0.6000000000000002,-15.1,98.95000000000095,5,418
80.61999999999988,0.6200000000000002,-15.1,98.94500000000096,5,420
80.61999999999988,0.6200000000000002,-15.1,98.94000000000096,5,422
80.61999999999988,0.6200000000000002,-15.1,98.93500000000097,5,424
80.61999999999988,0.6200000000000002,-15.1,98.93000000000097,5,426
80.61999999999988,0.6200000000000002,-15.1,98.92500000000098,5,428
80.61999999999988,0.6200000000000002,-15.1,98.92000000000098,5,430
80.61999999999988,0.6200000000000002,-15.1,98.91500000000099,5,432
80.63999999999987,0.6400000000000002,-15.1,98.91000000000099,5,434
80.63999999999987,0.6400000000000002,-15.1,98.905000000001,5,436
80.63999999999987,0.6400000000000002,-15.1,98.900000000001,5,438
80.63999999999987,0.6400000000000002,-15.1,98.895000000001,5,440
80.63999999999987,0.6400000000000002,-15.1,98.89000000000101,5,442
80.63999999999987,0.6400000000000002,-15.1,98.88500000000101,5,444
80.63999999999987,0.6400000000000002,-15.1,98.88000000000102,5,446
80.65999999999987,0.6600000000000003,-15.1,98.87500000000102,5,448
80.65999999999987,0.6600000000000003,-15.1,98.87000000000103,5,450
80.65999999999987,0.6600000000000003,-15.1,98.86500000000103,5,452
80.65999999999987,0.6600000000000003,-15.1,98.86000000000104,5,454
80.65999999999987,0.6600000000000003,-15.1,98.85500000000104,5,456
80.65999999999987,0.6600000000000003,-15.1,98.85000000000105,5,458
80.65999999999987,0.6600000000000003,-15.1,98.84500000000105,5,460
80.67999999999986,0.6800000000000003,-15.1,98.84000000000106,5,462
80.67999999999986,0.6800000000000003,-15.1,98.83500000000106,5,464
80.67999999999986,0.6800000000000003,-15.1,98.83000000000106,5,466
80.67999999999986,0.6800000000000003,-15.1,98.82500000000107,5,468
80.67999999999986,0.6800000000000003,-15.1,98.82000000000107,5,470
80.67999999999986,0.6800000000000003,-15.1,98.81500000000108,5,472
80.67999999999986,0.6800000000000003,-15.1,98.81000000000108,5,474
80.69999999999986,0.7000000000000003,-15.1,98.80500000000109,5,476
80.69999999999986,0.7000000000000003,-15.1,98.80000000000109,5,478
80.69999999999986,0.7000000000000003,-15.1,98.7950000000011,5,480
80.69999999999986,0.7000000000000003,-15.1,98.7900000000011,5,482
80.69999999999986,0.7000000000000003,-15.1,98.7850000000011,5,484
80.69999999999986,0.7000000000000003,-15.1,98.78000000000111,5,486
80.69999999999986,0.7000000000000003,-15.1,98.77500000000111,5,488
80.71999999999986,0.7200000000000003,-15.1,98.77000000000112,5,490
80.71999999999986,0.7200000000000003,-15.1,98.76500000000112,5,492
80.71999999999986,0.7200000000000003,-15.1,98.76000000000113,5,494
80.71999999999986,0.7200000000000003,-15.1,98.75500000000113,5,496
80.71999999999986,0.7200000000000003,-15.1,98.75000000000114,5,498
80.71999999999986,0.7200000000000003,-15.1,98.74500000000114,5,500
80.71999999999986,0.7200000000000003,-15.1,98.74000000000115,5,502
80.73999999999985,0.7400000000000003,-15.1,98.73500000000115,5,504
80.73999999999985,0.7400000000000003,-15.1,98.73000000000116,5,506
80.73999999999985,0.7400000000000003,-15.1,98.72500000000116,5,508
80.73999999999985,0.7400000000000003,-15.1,98.72000000000116,5,510
80.73999999999985,0.7400000000000003,-15.1,98.71500000000117,5,512
80.73999999999985,0.7400000000000003,-15.1,98.71000000000117,5,514
80.73999999999985,0.7400000000000003,-15.1,98.70500000000118,5,516
80.75999999999985,0.7600000000000003,-15.1,98.70000000000118,5,518
80.75999999999985,0.7600000000000003,-15.1,98.69500000000119,5,520
80.75999999999985,0.7600000000000003,-15.1,98.69000000000119,5,522
80.75999999999985,0.7600000000000003,-15.1,98.6850000000012,5,524
80.75999999999985,0.7600000000000003,-15.1,98.6800000000012,5,526
80.75999999999985,0.7600000000000003,-15.1,98.6750000000012,5,528
80.75999999999985,0.7600000000000003,-15.1,98.67000000000121,5,530
80.77999999999984,0.7800000000000004,-15.1,98.66500000000121,5,532
80.77999999999984,0.7800000000000004,-15.1,98.66000000000122,5,534
80.77999999999984,0.7800000000000004,-15.1,98.65500000000122,5,536
80.77999999999984,0.7800000000000004,-15.1,98.65000000000123,5,538
80.77999999999984,0.7800000000000004,-15.1,98.64500000000123,5,540
80.77999999999984,0.7800000000000004,-15.1,98.64000000000124,5,542
80.77999999999984,0.7800000000000004,-15.1,98.63500000000124,5,544
80.79999999999984,0.8000000000000004,-15.1,98.63000000000125,5,546
80.79999999999984,0.8000000000000004,-15.1,98.62500000000125,5,548
80.79999999999984,0.8000000000000004,-15.1,98.62000000000126,5,550
80.79999999999984,0.8000000000000004,-15.1,98.61500000000126,5,552
80.79999999999984,0.8000000000000004,-15.1,98.61000000000126,5,554
80.79999999999984,0.8000000000000004,-15.1,98.60500000000127,5,556
80.79999999999984,0.8000000000000004,-15.1,98.60000000000127,5,558
80.81999999999984,0.8200000000000004,-15.1,98.59500000000128,5,560
80.81999999999984,0.8200000000000004,-15.1,98.59000000000128,5,562
80.81999999999984,0.8200000000000004,-15.1,98.58500000000129,5,564
80.81999999999984,0.8200000000000004,-15.1,98.58000000000129,5,566
80.81999999999984,0.8200000000000004,-15.1,98.5750000000013,5,568
80.81999999999984,0.8200000000000004,-15.1,98.5700000000013,5,570
80.81999999999984,0.8200000000000004,-15.1,98.5650000000013,5,572
80.83999999999983,0.8400000000000004,-15.1,98.56000000000131,5,574
80.83999999999983,0.8400000000000004,-15.1,98.55500000000131,5,576
80.83999999999983,0.8400000000000004,-15.1,98.55000000000132,5,578
80.83999999999983,0.8400000000000004,-15.1,98.54500000000132,5,580
80.83999999999983,0.8400000000000004,-15.1,98.54000000000133,5,582
80.83999999999983,0.8400000000000004,-15.1,98.53500000000133,5,584
80.83999999999983,0.8400000000000004,-15.1,98.53000000000134,5,586
80.85999999999983,0.8600000000000004,-15.1,98.52500000000134,5,588
80.85999999999983,0.8600000000000004,-15.1,98.52000000000135,5,590
80.85999999999983,0.8600000000000004,-15.1,98.51500000000135,5,592
80.85999999999983,0.8600000000000004,-15.1,98.51000000000136,5,594
80.85999999999983,0.8600000000000004,-15.1,98.50500000000136,5,596
80.85999999999983,0.8600000000000004,-15.1,98.50000000000136,5,598
80.85999999999983,0.8600000000000004,-15.1,98.49500000000137,5,600
80.87999999999982,0.8800000000000004,-15.1,98.49000000000137,5,602
80.87999999999982,0.8800000000000004,-15.1,98.48500000000138,5,604
80.87999999999982,0.8800000000000004,-15.1,98.48000000000138,5,606
80.87999999999982,0.8800000000000004,-15.1,98.47500000000139,5,608
80.87999999999982,0.8800000000000004,-15.1,98.47000000000139,5,610
80.87999999999982,0.8800000000000004,-15.1,98.4650000000014,5,612
80.87999999999982,0.8800000000000004,-15.1,98.4600000000014,5,614
80.89999999999982,0.9000000000000005,-15.1,98.4550000000014,5,616
80.89999999999982,0.9000000000000005,-15.1,98.45000000000141,5,618
80.89999999999982,0.9000000000000005,-15.1,98.44500000000141,5,620
80.89999999999982,0.9000000000000005,-15.1,98.44000000000142,5,622
80.89999999999982,0.9000000000000005,-15.1,98.43500000000142,5,624
80.89999999999982,0.9000000000000005,-15.1,98.43000000000143,5,626
80.89999999999982,0.9000000000000005,-15.1,98.42500000000143,5,628
80.91999999999982,0.9200000000000005,-15.1,98.42000000000144,5,630
80.91999999999982,0.9200000000000005,-15.1,98.41500000000144,5,632
80.91999999999982,0.9200000000000005,-15.1,98.41000000000145,5,634
80.91999999999982,0.9200000000000005,-15.1,98.40500000000145,5,636
80.91999999999982,0.9200000000000005,-15.1,98.40000000000146,5,638
80.91999999999982,0.9200000000000005,-15.1,98.39500000000146,5,640
80.91999999999982,0.9200000000000005,-15.1,98.39000000000146,5,642
80.93999999999981,0.9400000000000005,-15.1,98.38500000000147,5,644
80.93999999999981,0.9400000000000005,-15.1,98.38000000000147,5,646
80.93999999999981,0.9400000000000005,-15.1,98.37500000000148,5,648
80.93999999999981,0.9400000000000005,-15.1,98.37000000000148,5,650
80.93999999999981,0.9400000000000005,-15.1,98.36500000000149,5,652
80.93999999999981,0.9400000000000005,-15.1,98.36000000000149,5,654
80.93999999999981,0.9400000000000005,-15.1,98.3550000000015,5,656
80.95999999999981,0.9600000000000005,-15.1,98.3500000000015,5,658
80.95999999999981,0.9600000000000005,-15.1,98.3450000000015,5,660
80.95999999999981,0.9600000000000005,-15.1,98.34000000000151,5,662
80.95999999999981,0.9600000000000005,-15.1,98.33500000000151,5,664
80.95999999999981,0.9600000000000005,-15.1,98.33000000000152,5,666
80.95999999999981,0.9600000000000005,-15.1,98.32500000000152,5,668
80.95999999999981,0.9600000000000005,-15.1,98.32000000000153,5,670
80.9799999999998,0.9800000000000005,-15.1,98.31500000000153,5,672
80.9799999999998,0.9800000000000005,-15.1,98.31000000000154,5,674
80.9799999999998,0.9800000000000005,-15.1,98.30500000000154,5,676
80.9799999999998,0.9800000000000005,-15.1,98.30000000000155,5,678
80.9799999999998,0.9800000000000005,-15.1,98.29500000000155,5,680
80.9799999999998,0.9800000000000005,-15.1,98.29000000000156,5,682
80.9799999999998,0.9800000000000005,-15.1,98.28500000000156,5,684
80.9999999999998,1.0000000000000004,-15.1,98.28000000000156,5,686
80.9999999999998,1.0000000000000004,-15.1,98.27500000000157,5,688
80.9999999999998,1.0000000000000004,-15.1,98.27000000000157,5,690
80.9999999999998,1.0000000000000004,-15.1,98.26500000000158,5,692
80.9999999999998,1.0000000000000004,-15.1,98.26000000000158,5,694
80.9999999999998,1.0000000000000004,-15.1,98.25500000000159,5,696
80.9999999999998,1.0000000000000004,-15.1,98.25000000000159,5,698
81.0199999999998,1.0200000000000005,-15.1,98.2450000000016,5,700
81.0199999999998,1.0200000000000005,-15.1,98.2400000000016,5,702
81.0199999999998,1.0200000000000005,-15.1,98.2350000000016,5,704
81.0199999999998,1.0200000000000005,-15.1,98.23000000000161,5,706
81.0199999999998,1.0200000000000005,-15.1,98.22500000000161,5,708
81.0199999999998,1.0200000000000005,-15.1,98.22000000000162,5,710
81.0199999999998,1.0200000000000005,-15.1,98.21500000000162,5,712
81.0399999999998,1.0400000000000005,-15.1,98.21000000000163,5,714
81.0399999999998,1.0400000000000005,-15.1,98.20500000000163,5,716
81.0399999999998,1.0400000000000005,-15.1,98.20000000000164,5,718
81.0399999999998,1.0400000000000005,-15.1,98.19500000000164,5,720
81.0399999999998,1.0400000000000005,-15.1,98.19000000000165,5,722
81.0399999999998,1.0400000000000005,-15.1,98.18500000000165,5,724
81.0399999999998,1.0400000000000005,-15.1,98.18000000000166,5,726
81.05999999999979,1.0600000000000005,-15.1,98.17500000000166,5,728
81.05999999999979,1.0600000000000005,-15.1,98.17000000000166,5,730
81.05999999999979,1.0600000000000005,-15.1,98.16500000000167,5,732
81.05999999999979,1.0600000000000005,-15.1,98.16000000000167,5,734
81.05999999999979,1.0600000000000005,-15.1,98.15500000000168,5,736
81.05999999999979,1.0600000000000005,-15.1,98.15000000000168,5,738
81.05999999999979,1.0600000000000005,-15.1,98.14500000000169,5,740
81.07999999999979,1.0800000000000005,-15.1,98.14000000000169,5,742
81.07999999999979,1.0800000000000005,-15.1,98.1350000000017,5,744
81.07999999999979,1.0800000000000005,-15.1,98.1300000000017,5,746
81.07999999999979,1.0800000000000005,-15.1,98.1250000000017,5,748
81.07999999999979,1.0800000000000005,-15.1,98.12000000000171,5,750
81.07999999999979,1.0800000000000005,-15.1,98.11500000000171,5,752
81.07999999999979,1.0800000000000005,-15.1,98.11000000000172,5,754
81.09999999999978,1.1000000000000005,-15.1,98.10500000000172,5,756
81.09999999999978,1.1000000000000005,-15.1,98.10000000000173,5,758
81.09999999999978,1.1000000000000005,-15.1,98.09500000000173,5,760
81.09999999999978,1.1000000000000005,-15.1,98.09000000000174,5,762
81.09999999999978,1.1000000000000005,-15.1,98.08500000000174,5,764
81.09999999999978,1.1000000000000005,-15.1,98.08000000000175,5,766
81.09999999999978,1.1000000000000005,-15.1,98.07500000000175,5,768
81.11999999999978,1.1200000000000006,-15.1,98.07000000000176,5,770
81.11999999999978,1.1200000000000006,-15.1,98.06500000000176,5,772
81.11999999999978,1.1200000000000006,-15.1,98.06000000000176,5,774
81.11999999999978,1.1200000000000006,-15.1,98.05500000000177,5,776
81.11999999999978,1.1200000000000006,-15.1,98.05000000000177,5,778
81.11999999999978,1.1200000000000006,-15.1,98.04500000000178,5,780
81.11999999999978,1.1200000000000006,-15.1,98.04000000000178,5,782
81.13999999999977,1.1400000000000006,-15.1,98.03500000000179,5,784
81.13999999999977,1.1400000000000006,-15.1,98.03000000000179,5,786
81.13999999999977,1.1400000000000006,-15.1,98.0250000000018,5,788
81.13999999999977,1.1400000000000006,-15.1,98.0200000000018,5,790
81.13999999999977,1.1400000000000006,-15.1,98.0150000000018,5,792
81.13999999999977,1.1400000000000006,-15.1,98.01000000000181,5,794
81.13999999999977,1.1400000000000006,-15.1,98.00500000000181,5,796
81.15999999999977,1.1600000000000006,-15.1,98.00000000000182,5,798
81.15999999999977,1.1600000000000006,-15.1,97.99500000000182,5,800
81.15999999999977,1.1600000000000006,-15.1,97.99000000000183,5,802
81.15999999999977,1.1600000000000006,-15.1,97.98500000000183,5,804
81.15999999999977,1.1600000000000006,-15.1,97.98000000000184,5,806
81.15999999999977,1.1600000000000006,-15.1,97.97500000000184,5,808
81.15999999999977,1.1600000000000006,-15.1,97.97000000000185,5,810
81.17999999999977,1.1800000000000006,-15.1,97.96500000000185,5,812
81.17999999999977,1.1800000000000006,-15.1,97.96000000000186,5,814
81.17999999999977,1.1800000000000006,-15.1,97.95500000000186,5,816
81.17999999999977,1.1800000000000006,-15.1,97.95000000000186,5,818
81.17999999999977,1.1800000000000006,-15.1,97.94500000000187,5,820
81.17999999999977,1.1800000000000006,-15.1,97.94000000000187,5,822
81.17999999999977,1.1800000000000006,-15.1,97.93500000000188,5,824
81.19999999999976,1.2000000000000006,-15.1,97.93000000000188,5,826
81.19999999999976,1.2000000000000006,-15.1,97.92500000000189,5,828
81.19999999999976,1.2000000000000006,-15.1,97.92000000000189,5,830
81.19999999999976,1.2000000000000006,-15.1,97.9150000000019,5,832
81.19999999999976,1.2000000000000006,-15.1,97.9100000000019,5,834
81.19999999999976,1.2000000000000006,-15.1,97.9050000000019,5,836
81.19999999999976,1.2000000000000006,-15.1,97.90000000000191,5,838
81.21999999999976,1.2200000000000006,-15.1,97.89500000000191,5,840
81.21999999999976,1.2200000000000006,-15.1,97.89000000000192,5,842
81.21999999999976,1.2200000000000006,-15.1,97.88500000000192,5,844
81.21999999999976,1.2200000000000006,-15.1,97.88000000000193,5,846
81.21999999999976,1.2200000000000006,-15.1,97.87500000000193,5,848
81.21999999999976,1.2200000000000006,-15.1,97.87000000000194,5,850
81.21999999999976,1.2200000000000006,-15.1,97.86500000000194,5,852
81.23999999999975,1.2400000000000007,-15.1,97.86000000000195,5,854
81.23999999999975,1.2400000000000007,-15.1,97.85500000000195,5,856
81.23999999999975,1.2400000000000007,-15.1,97.85000000000196,5,858
81.23999999999975,1.2400000000000007,-15.1,97.84500000000196,5,860
81.23999999999975,1.2400000000000007,-15.1,97.84000000000196,5,862
81.23999999999975,1.2400000000000007,-15.1,97.83500000000197,5,864
81.23999999999975,1.2400000000000007,-15.1,97.83000000000197,5,866
81.25999999999975,1.2600000000000007,-15.1,97.82500000000198,5,868
81.25999999999975,1.2600000000000007,-15.1,97.82000000000198,5,870
81.25999999999975,1.2600000000000007,-15.1,97.81500000000199,5,872
81.25999999999975,1.2600000000000007,-15.1,97.81000000000199,5,874
81.25999999999975,1.2600000000000007,-15.1,97.805000000002,5,876
81.25999999999975,1.2600000000000007,-15.1,97.800000000002,5,878
81.25999999999975,1.2600000000000007,-15.1,97.795000000002,5,880
81.27999999999975,1.2800000000000007,-15.1,97.79000000000201,5,882
81.27999999999975,1.2800000000000007,-15.1,97.78500000000201,5,884
81.27999999999975,1.2800000000000007,-15.1,97.78000000000202,5,886
81.27999999999975,1.2800000000000007,-15.1,97.77500000000202,5,888
81.27999999999975,1.2800000000000007,-15.1,97.77000000000203,5,890
81.27999999999975,1.2800000000000007,-15.1,97.76500000000203,5,892
81.27999999999975,1.2800000000000007,-15.1,97.76000000000204,5,894
81.29999999999974,1.3000000000000007,-15.1,97.75500000000204,5,896
81.29999999999974,1.3000000000000007,-15.1,97.75000000000205,5,898
81.29999999999974,1.3000000000000007,-15.1,97.74500000000205,5,900
81.29999999999974,1.3000000000000007,-15.1,97.74000000000206,5,902
81.29999999999974,1.3000000000000007,-15.1,97.73500000000206,5,904
81.29999999999974,1.3000000000000007,-15.1,97.73000000000206,5,906
81.29999999999974,1.3000000000000007,-15.1,97.72500000000207,5,908
81.31999999999974,1.3200000000000007,-15.1,97.72000000000207,5,910
81.31999999999974,1.3200000000000007,-15.1,97.71500000000208,5,912
81.31999999999974,1.3200000000000007,-15.1,97.71000000000208,5,914
81.31999999999974,1.3200000000000007,-15.1,97.70500000000209,5,916
81.31999999999974,1.3200000000000007,-15.1,97.70000000000209,5,918
81.31999999999974,1.3200000000000007,-15.1,97.6950000000021,5,920
81.31999999999974,1.3200000000000007,-15.1,97.6900000000021,5,922
81.33999999999973,1.3400000000000007,-15.1,97.6850000000021,5,924
81.33999999999973,1.3400000000000007,-15.1,97.68000000000211,5,926
81.33999999999973,1.3400000000000007,-15.1,97.67500000000211,5,928
81.33999999999973,1.3400000000000007,-15.1,97.67000000000212,5,930
81.33999999999973,1.3400000000000007,-15.1,97.66500000000212,5,932
81.33999999999973,1.3400000000000007,-15.1,97.66000000000213,5,934
81.33999999999973,1.3400000000000007,-15.1,97.65500000000213,5,936
81.35999999999973,1.3600000000000008,-15.1,97.65000000000214,5,938
81.35999999999973,1.3600000000000008,-15.1,97.64500000000214,5,940
81.35999999999973,1.3600000000000008,-15.1,97.64000000000215,5,942
81.35999999999973,1.3600000000000008,-15.1,97.63500000000215,5,944
81.35999999999973,1.3600000000000008,-15.1,97.63000000000216,5,946
81.35999999999973,1.3600000000000008,-15.1,97.62500000000216,5,948
81.35999999999973,1.3600000000000008,-15.1,97.62000000000216,5,950
81.37999999999973,1.3800000000000008,-15.1,97.61500000000217,5,952
81.37999999999973,1.3800000000000008,-15.1,97.61000000000217,5,954
81.37999999999973,1.3800000000000008,-15.1,97.60500000000218,5,956
81.37999999999973,1.3800000000000008,-15.1,97.60000000000218,5,958
81.37999999999973,1.3800000000000008,-15.1,97.59500000000219,5,960
81.37999999999973,1.3800000000000008,-15.1,97.59000000000219,5,962
81.37999999999973,1.3800000000000008,-15.1,97.5850000000022,5,964
81.39999999999972,1.4000000000000008,-15.1,97.5800000000022,5,966
81.39999999999972,1.4000000000000008,-15.1,97.5750000000022,5,968
81.39999999999972,1.4000000000000008,-15.1,97.57000000000221,5,970
81.39999999999972,1.4000000000000008,-15.1,97.56500000000221,5,972
81.39999999999972,1.4000000000000008,-15.1,97.56000000000222,5,974
81.39999999999972,1.4000000000000008,-15.1,97.55500000000222,5,976
81.39999999999972,1.4000000000000008,-15.1,97.55000000000223,5,978
81.41999999999972,1.4200000000000008,-15.1,97.54500000000223,5,980
81.41999999999972,1.4200000000000008,-15.1,97.54000000000224,5,982
81.41999999999972,1.4200000000000008,-15.1,97.53500000000224,5,984
81.41999999999972,1.4200000000000008,-15.1,97.53000000000225,5,986
81.41999999999972,1.4200000000000008,-15.1,97.52500000000225,5,988
81.41999999999972,1.4200000000000008,-15.1,97.52000000000226,5,990
81.41999999999972,1.4200000000000008,-15.1,97.51500000000226,5,992
81.43999999999971,1.4400000000000008,-15.1,97.51000000000226,5,994
81.43999999999971,1.4400000000000008,-15.1,97.50500000000227,5,996
81.43999999999971,1.4400000000000008,-15.1,97.50000000000227,5,998
81.43999999999971,1.4400000000000008,-15.1,97.49500000000228,5,1000
81.43999999999971,1.4400000000000008,-15.1,97.49000000000228,5,1002
81.43999999999971,1.4400000000000008,-15.1,97.48500000000229,5,1004
81.43999999999971,1.4400000000000008,-15.1,97.48000000000229,5,1006
81.45999999999971,1.4600000000000009,-15.1,97.4750000000023,5,1008
81.45999999999971,1.4600000000000009,-15.1,97.4700000000023,5,1010
81.45999999999971,1.4600000000000009,-15.1,97.4650000000023,5,1012
81.45999999999971,1.4600000000000009,-15.1,97.46000000000231,5,1014
81.45999999999971,1.4600000000000009,-15.1,97.45500000000231,5,1016
81.45999999999971,1.4600000000000009,-15.1,97.45000000000232,5,1018
81.45999999999971,1.4600000000000009,-15.1,97.44500000000232,5,1020
81.4799999999997,1.4800000000000009,-15.1,97.44000000000233,5,1022
81.4799999999997,1.4800000000000009,-15.1,97.43500000000233,5,1024
81.4799999999997,1.4800000000000009,-15.1,97.43000000000234,5,1026
81.4799999999997,1.4800000000000009,-15.1,97.42500000000234,5,1028
81.4799999999997,1.4800000000000009,-15.1,97.42000000000235,5,1030
81.4799999999997,1.4800000000000009,-15.1,97.41500000000235,5,1032
81.4799999999997,1.4800000000000009,-15.1,97.41000000000236,5,1034
81.4999999999997,1.5000000000000009,-15.1,97.40500000000236,5,1036
81.4999999999997,1.5000000000000009,-15.1,97.40000000000236,5,1038
81.4999999999997,1.5000000000000009,-15.1,97.39500000000237,5,1040
81.4999999999997,1.5000000000000009,-15.1,97.39000000000237,5,1042
81.4999999999997,1.5000000000000009,-15.1,97.38500000000238,5,1044
81.4999999999997,1.5000000000000009,-15.1,97.38000000000238,5,1046
81.4999999999997,1.5000000000000009,-15.1,97.37500000000239,5,1048
81.5199999999997,1.520000000000001,-15.1,97.37000000000239,5,1050
81.5199999999997,1.520000000000001,-15.1,97.3650000000024,5,1052
81.5199999999997,1.520000000000001,-15.1,97.3600000000024,5,1054
81.5199999999997,1.520000000000001,-15.1,97.3550000000024,5,1056
81.5199999999997,1.520000000000001,-15.1,97.35000000000241,5,1058
81.5199999999997,1.520000000000001,-15.1,97.34500000000241,5,1060
81.5199999999997,1.520000000000001,-15.1,97.34000000000242,5,1062
81.5399999999997,1.540000000000001,-15.1,97.33500000000242,5,1064
81.5399999999997,1.540000000000001,-15.1,97.33000000000243,5,1066
81.5399999999997,1.540000000000001,-15.1,97.32500000000243,5,1068
81.5399999999997,1.540000000000001,-15.1,97.32000000000244,5,1070
81.5399999999997,1.540000000000001,-15.1,97.31500000000244,5,1072
81.5399999999997,1.540000000000001,-15.1,97.31000000000245,5,1074
81.5399999999997,1.540000000000001,-15.1,97.30500000000245,5,1076
81.55999999999969,1.560000000000001,-15.1,97.30000000000246,5,1078
81.55999999999969,1.560000000000001,-15.1,97.29500000000246,5,1080
81.55999999999969,1.560000000000001,-15.1,97.29000000000246,5,1082
81.55999999999969,1.560000000000001,-15.1,97.28500000000247,5,1084
81.55999999999969,1.560000000000001,-15.1,97.28000000000247,5,1086
81.55999999999969,1.560000000000001,-15.1,97.27500000000248,5,1088
81.55999999999969,1.560000000000001,-15.1,97.27000000000248,5,1090
81.57999999999969,1.580000000000001,-15.1,97.26500000000249,5,1092
81.57999999999969,1.580000000000001,-15.1,97.26000000000249,5,1094
81.57999999999969,1.580000000000001,-15.1,97.2550000000025,5,1096
81.57999999999969,1.580000000000001,-15.1,97.2500000000025,5,1098
81.57999999999969,1.580000000000001,-15.1,97.2450000000025,5,1100
81.57999999999969,1.580000000000001,-15.1,97.24000000000251,5,1102
81.57999999999969,1.580000000000001,-15.1,97.23500000000251,5,1104
81.59999999999968,1.600000000000001,-15.1,97.23000000000252,5,1106
81.59999999999968,1.600000000000001,-15.1,97.22500000000252,5,1108
81.59999999999968,1.600000000000001,-15.1,97.22000000000253,5,1110
81.59999999999968,1.600000000000001,-15.1,97.21500000000253,5,1112
81.59999999999968,1.600000000000001,-15.1,97.21000000000254,5,1114
81.59999999999968,1.600000000000001,-15.1,97.20500000000254,5,1116
81.59999999999968,1.600000000000001,-15.1,97.20000000000255,5,1118
81.61999999999968,1.620000000000001,-15.1,97.19500000000255,5,1120
81.61999999999968,1.620000000000001,-15.1,97.19000000000256,5,1122
81.61999999999968,1.620000000000001,-15.1,97.18500000000256,5,1124
81.61999999999968,1.620000000000001,-15.1,97.18000000000256,5,1126
81.61999999999968,1.620000000000001,-15.1,97.17500000000257,5,1128
81.61999999999968,1.620000000000001,-15.1,97.17000000000257,5,1130
81.61999999999968,1.620000000000001,-15.1,97.16500000000258,5,1132
81.63999999999967,1.640000000000001,-15.1,97.16000000000258,5,1134
81.63999999999967,1.640000000000001,-15.1,97.15500000000259,5,1136
81.63999999999967,1.640000000000001,-15.1,97.15000000000259,5,1138
81.63999999999967,1.640000000000001,-15.1,97.1450000000026,5,1140
81.63999999999967,1.640000000000001,-15.1,97.1400000000026,5,1142
81.63999999999967,1.640000000000001,-15.1,97.1350000000026,5,1144
81.63999999999967,1.640000000000001,-15.1,97.13000000000261,5,1146
81.65999999999967,1.660000000000001,-15.1,97.12500000000261,5,1148
81.65999999999967,1.660000000000001,-15.1,97.12000000000262,5,1150
81.65999999999967,1.660000000000001,-15.1,97.11500000000262,5,1152
81.65999999999967,1.660000000000001,-15.1,97.11000000000263,5,1154
81.65999999999967,1.660000000000001,-15.1,97.10500000000263,5,1156
81.65999999999967,1.660000000000001,-15.1,97.10000000000264,5,1158
81.65999999999967,1.660000000000001,-15.1,97.09500000000264,5,1160
81.67999999999967,1.680000000000001,-15.1,97.09000000000265,5,1162
81.67999999999967,1.680000000000001,-15.1,97.08500000000265,5,1164
81.67999999999967,1.680000000000001,-15.1,97.08000000000266,5,1166
81.67999999999967,1.680000000000001,-15.1,97.07500000000266,5,1168
81.67999999999967,1.680000000000001,-15.1,97.07000000000266,5,1170
81.67999999999967,1.680000000000001,-15.1,97.06500000000267,5,1172
81.67999999999967,1.680000000000001,-15.1,97.06000000000267,5,1174
81.69999999999966,1.700000000000001,-15.1,97.05500000000268,5,1176
81.69999999999966,1.700000000000001,-15.1,97.05000000000268,5,1178
81.69999999999966,1.700000000000001,-15.1,97.04500000000269,5,1180
81.69999999999966,1.700000000000001,-15.1,97.04000000000269,5,1182
81.69999999999966,1.700000000000001,-15.1,97.0350000000027,5,1184
81.69999999999966,1.700000000000001,-15.1,97.0300000000027,5,1186
81.69999999999966,1.700000000000001,-15.1,97.0250000000027,5,1188
81.71999999999966,1.720000000000001,-15.1,97.02000000000271,5,1190
81.71999999999966,1.720000000000001,-15.1,97.01500000000271,5,1192
81.71999999999966,1.720000000000001,-15.1,97.01000000000272,5,1194
81.71999999999966,1.720000000000001,-15.1,97.00500000000272,5,1196
81.71999999999966,1.720000000000001,-15.1,97.00000000000273,5,1198
81.71999999999966,1.720000000000001,-15.0,96.99500000000273,5,1200
81.71999999999966,1.720000000000001,-15.0,96.99000000000274,5,1202
81.73999999999965,1.740000000000001,-15.0,96.98500000000274,5,1204
81.73999999999965,1.740000000000001,-15.0,96.98000000000275,5,1206
81.73999999999965,1.740000000000001,-15.0,96.97500000000275,5,1208
81.73999999999965,1.740000000000001,-15.0,96.97000000000276,5,1210
81.73999999999965,1.740000000000001,-15.0,96.96500000000276,5,1212
81.73999999999965,1.740000000000001,-15.0,96.96000000000276,5,1214
81.73999999999965,1.740000000000001,-15.0,96.95500000000277,5,1216
81.75999999999965,1.7600000000000011,-15.0,96.95000000000277,5,1218
81.75999999999965,1.7600000000000011,-15.0,96.94500000000278,5,1220
81.75999999999965,1.7600000000000011,-15.0,96.94000000000278,5,1222
81.75999999999965,1.7600000000000011,-15.0,96.93500000000279,5,1224
81.75999999999965,1.7600000000000011,-15.0,96.93000000000279,5,1226
81.75999999999965,1.7600000000000011,-15.0,96.9250000000028,5,1228
81.75999999999965,1.7600000000000011,-15.0,96.9200000000028,5,1230
81.77999999999965,1.7800000000000011,-15.0,96.9150000000028,5,1232
81.77999999999965,1.7800000000000011,-15.0,96.91000000000281,5,1234
81.77999999999965,1.7800000000000011,-15.0,96.90500000000281,5,1236
81.77999999999965,1.7800000000000011,-15.0,96.90000000000282,5,1238
81.77999999999965,1.7800000000000011,-15.0,96.89500000000282,5,1240
81.77999999999965,1.7800000000000011,-15.0,96.89000000000283,5,1242
81.77999999999965,1.7800000000000011,-15.0,96.88500000000283,5,1244
81.79999999999964,1.8000000000000012,-15.0,96.88000000000284,5,1246
81.79999999999964,1.8000000000000012,-15.0,96.87500000000284,5,1248
81.79999999999964,1.8000000000000012,-15.0,96.87000000000285,5,1250
81.79999999999964,1.8000000000000012,-15.0,96.86500000000285,5,1252
81.79999999999964,1.8000000000000012,-15.0,96.86000000000286,5,1254
81.79999999999964,1.8000000000000012,-15.0,96.85500000000286,5,1256
81.79999999999964,1.8000000000000012,-15.0,96.85000000000286,5,1258
81.81999999999964,1.8200000000000012,-15.0,96.84500000000287,5,1260
81.81999999999964,1.8200000000000012,-15.0,96.84000000000287,5,1262
81.81999999999964,1.8200000000000012,-15.0,96.83500000000288,5,1264
81.81999999999964,1.8200000000000012,-15.0,96.83000000000288,5,1266
81.81999999999964,1.8200000000000012,-15.0,96.82500000000289,5,1268
81.81999999999964,1.8200000000000012,-15.0,96.82000000000289,5,1270
81.81999999999964,1.8200000000000012,-15.0,96.8150000000029,5,1272
81.83999999999963,1.8400000000000012,-15.0,96.8100000000029,5,1274
81.83999999999963,1.8400000000000012,-15.0,96.8050000000029,5,1276
81.83999999999963,1.8400000000000012,-15.0,96.80000000000291,5,1278
81.83999999999963,1.8400000000000012,-15.0,96.79500000000291,5,1280
81.83999999999963,1.8400000000000012,-15.0,96.79000000000292,5,1282
81.83999999999963,1.8400000000000012,-15.0,96.78500000000292,5,1284
81.83999999999963,1.8400000000000012,-15.0,96.78000000000293,5,1286
81.85999999999963,1.8600000000000012,-15.0,96.77500000000293,5,1288
81.85999999999963,1.8600000000000012,-15.0,96.77000000000294,5,1290
81.85999999999963,1.8600000000000012,-15.0,96.76500000000294,5,1292
81.85999999999963,1.8600000000000012,-15.0,96.76000000000295,5,1294
81.85999999999963,1.8600000000000012,-15.0,96.75500000000295,5,1296
81.85999999999963,1.8600000000000012,-15.0,96.75000000000296,5,1298
81.85999999999963,1.8600000000000012,-15.0,96.74500000000296,5,1300
81.87999999999963,1.8800000000000012,-15.0,96.74000000000296,5,1302
81.87999999999963,1.8800000000000012,-15.0,96.73500000000297,5,1304
81.87999999999963,1.8800000000000012,-15.0,96.73000000000297,5,1306
81.87999999999963,1.8800000000000012,-15.0,96.72500000000298,5,1308
81.87999999999963,1.8800000000000012,-15.0,96.72000000000298,5,1310
81.87999999999963,1.8800000000000012,-15.0,96.71500000000299,5,1312
81.87999999999963,1.8800000000000012,-15.0,96.71000000000299,5,1314
81.89999999999962,1.9000000000000012,-15.0,96.705000000003,5,1316
81.89999999999962,1.9000000000000012,-15.0,96.700000000003,5,1318
81.89999999999962,1.9000000000000012,-15.0,96.695000000003,5,1320
81.89999999999962,1.9000000000000012,-15.0,96.69000000000301,5,1322
81.89999999999962,1.9000000000000012,-15.0,96.68500000000301,5,1324
81.89999999999962,1.9000000000000012,-15.0,96.68000000000302,5,1326
81.89999999999962,1.9000000000000012,-15.0,96.67500000000302,5,1328
81.91999999999962,1.9200000000000013,-15.0,96.67000000000303,5,1330
81.91999999999962,1.9200000000000013,-15.0,96.66500000000303,5,1332
81.91999999999962,1.9200000000000013,-15.0,96.66000000000304,5,1334
81.91999999999962,1.9200000000000013,-15.0,96.65500000000304,5,1336
81.91999999999962,1.9200000000000013,-15.0,96.65000000000305,5,1338
81.91999999999962,1.9200000000000013,-15.0,96.64500000000305,5,1340
81.91999999999962,1.9200000000000013,-15.0,96.64000000000306,5,1342
81.93999999999961,1.9400000000000013,-15.0,96.63500000000306,5,1344
81.93999999999961,1.9400000000000013,-15.0,96.63000000000306,5,1346
81.93999999999961,1.9400000000000013,-15.0,96.62500000000307,5,1348
81.93999999999961,1.9400000000000013,-15.0,96.62000000000307,5,1350
81.93999999999961,1.9400000000000013,-15.0,96.61500000000308,5,1352
81.93999999999961,1.9400000000000013,-15.0,96.61000000000308,5,1354
81.93999999999961,1.9400000000000013,-15.0,96.60500000000309,5,1356
81.95999999999961,1.9600000000000013,-15.0,96.60000000000309,5,1358
81.95999999999961,1.9600000000000013,-15.0,96.5950000000031,5,1360
81.95999999999961,1.9600000000000013,-15.0,96.5900000000031,5,1362
81.95999999999961,1.9600000000000013,-15.0,96.5850000000031,5,1364
81.95999999999961,1.9600000000000013,-15.0,96.58000000000311,5,1366
81.95999999999961,1.9600000000000013,-15.0,96.57500000000312,5,1368
81.95999999999961,1.9600000000000013,-15.0,96.57000000000312,5,1370
81.9799999999996,1.9800000000000013,-15.0,96.56500000000312,5,1372
81.9799999999996,1.9800000000000013,-15.0,96.56000000000313,5,1374
81.9799999999996,1.9800000000000013,-15.0,96.55500000000313,5,1376
81.9799999999996,1.9800000000000013,-15.0,96.55000000000314,5,1378
81.9799999999996,1.9800000000000013,-15.0,96.54500000000314,5,1380
81.9799999999996,1.9800000000000013,-15.0,96.54000000000315,5,1382
81.9799999999996,1.9800000000000013,-15.0,96.53500000000315,5,1384
81.9999999999996,2.0000000000000013,-15.0,96.53000000000316,5,1386
81.9999999999996,2.0000000000000013,-15.0,96.52500000000316,5,1388
81.9999999999996,2.0000000000000013,-15.0,96.52000000000317,5,1390
81.9999999999996,2.0000000000000013,-15.0,96.51500000000317,5,1392
81.9999999999996,2.0000000000000013,-15.0,96.51000000000317,5,1394
81.9999999999996,2.0000000000000013,-15.0,96.50500000000318,5,1396
81.9999999999996,2.0000000000000013,-15.0,96.50000000000318,5,1398
82.0199999999996,2.0200000000000014,-15.0,96.49500000000319,5,1400
82.0199999999996,2.0200000000000014,-15.0,96.49000000000319,5,1402
82.0199999999996,2.0200000000000014,-15.0,96.4850000000032,5,1404
82.0199999999996,2.0200000000000014,-15.0,96.4800000000032,5,1406
82.0199999999996,2.0200000000000014,-15.0,96.4750000000032,5,1408
82.0199999999996,2.0200000000000014,-15.0,96.47000000000321,5,1410
82.0199999999996,2.0200000000000014,-15.0,96.46500000000322,5,1412
82.0399999999996,2.0400000000000014,-15.0,96.46000000000322,5,1414
82.0399999999996,2.0400000000000014,-15.0,96.45500000000322,5,1416
82.0399999999996,2.0400000000000014,-15.0,96.45000000000323,5,1418
82.0399999999996,2.0400000000000014,-15.0,96.44500000000323,5,1420
82.0399999999996,2.0400000000000014,-15.0,96.44000000000324,5,1422
82.0399999999996,2.0400000000000014,-15.0,96.43500000000324,5,1424
82.0399999999996,2.0400000000000014,-15.0,96.43000000000325,5,1426
82.05999999999959,2.0600000000000014,-15.0,96.42500000000325,5,1428
82.05999999999959,2.0600000000000014,-15.0,96.42000000000326,5,1430
82.05999999999959,2.0600000000000014,-15.0,96.41500000000326,5,1432
82.05999999999959,2.0600000000000014,-15.0,96.41000000000327,5,1434
82.05999999999959,2.0600000000000014,-15.0,96.40500000000327,5,1436
82.05999999999959,2.0600000000000014,-15.0,96.40000000000327,5,1438
82.05999999999959,2.0600000000000014,-15.0,96.39500000000328,5,1440
82.07999999999959,2.0800000000000014,-15.0,96.39000000000328,5,1442
82.07999999999959,2.0800000000000014,-15.0,96.38500000000329,5,1444
82.07999999999959,2.0800000000000014,-15.0,96.38000000000329,5,1446
82.07999999999959,2.0800000000000014,-15.0,96.3750000000033,5,1448
82.07999999999959,2.0800000000000014,-15.0,96.3700000000033,5,1450
82.07999999999959,2.0800000000000014,-15.0,96.3650000000033,5,1452
82.07999999999959,2.0800000000000014,-15.0,96.36000000000331,5,1454
82.09999999999958,2.1000000000000014,-15.0,96.35500000000332,5,1456
82.09999999999958,2.1000000000000014,-15.0,96.35000000000332,5,1458
82.09999999999958,2.1000000000000014,-15.0,96.34500000000332,5,1460
82.09999999999958,2.1000000000000014,-15.0,96.34000000000333,5,1462
82.09999999999958,2.1000000000000014,-15.0,96.33500000000333,5,1464
82.09999999999958,2.1000000000000014,-15.0,96.33000000000334,5,1466
82.09999999999958,2.1000000000000014,-15.0,96.32500000000334,5,1468
82.11999999999958,2.1200000000000014,-15.0,96.32000000000335,5,1470
82.11999999999958,2.1200000000000014,-15.0,96.31500000000335,5,1472
82.11999999999958,2.1200000000000014,-15.0,96.31000000000336,5,1474
82.11999999999958,2.1200000000000014,-15.0,96.30500000000336,5,1476
82.11999999999958,2.1200000000000014,-15.0,96.30000000000337,5,1478
82.11999999999958,2.1200000000000014,-15.0,96.29500000000337,5,1480
82.11999999999958,2.1200000000000014,-15.0,96.29000000000337,5,1482
82.13999999999957,2.1400000000000015,-15.0,96.28500000000338,5,1484
82.13999999999957,2.1400000000000015,-15.0,96.28000000000338,5,1486
82.13999999999957,2.1400000000000015,-15.0,96.27500000000339,5,1488
82.13999999999957,2.1400000000000015,-15.0,96.27000000000339,5,1490
82.13999999999957,2.1400000000000015,-15.0,96.2650000000034,5,1492
82.13999999999957,2.1400000000000015,-15.0,96.2600000000034,5,1494
82.13999999999957,2.1400000000000015,-15.0,96.2550000000034,5,1496
82.15999999999957,2.1600000000000015,-15.0,96.25000000000341,5,1498
82.15999999999957,2.1600000000000015,-15.0,96.24500000000342,5,1500
82.15999999999957,2.1600000000000015,-15.0,96.24000000000342,5,1502
82.15999999999957,2.1600000000000015,-15.0,96.23500000000342,5,1504
82.15999999999957,2.1600000000000015,-15.0,96.23000000000343,5,1506
82.15999999999957,2.1600000000000015,-15.0,96.22500000000343,5,1508
82.15999999999957,2.1600000000000015,-15.0,96.22000000000344,5,1510
82.17999999999957,2.1800000000000015,-15.0,96.21500000000344,5,1512
82.17999999999957,2.1800000000000015,-15.0,96.21000000000345,5,1514
82.17999999999957,2.1800000000000015,-15.0,96.20500000000345,5,1516
82.17999999999957,2.1800000000000015,-15.0,96.20000000000346,5,1518
82.17999999999957,2.1800000000000015,-15.0,96.19500000000346,5,1520
82.17999999999957,2.1800000000000015,-15.0,96.19000000000347,5,1522
82.17999999999957,2.1800000000000015,-15.0,96.18500000000347,5,1524
82.19999999999956,2.2000000000000015,-15.0,96.18000000000347,5,1526
82.19999999999956,2.2000000000000015,-15.0,96.17500000000348,5,1528
82.19999999999956,2.2000000000000015,-15.0,96.17000000000348,5,1530
82.19999999999956,2.2000000000000015,-15.0,96.16500000000349,5,1532
82.19999999999956,2.2000000000000015,-15.0,96.16000000000349,5,1534
82.19999999999956,2.2000000000000015,-15.0,96.1550000000035,5,1536
82.19999999999956,2.2000000000000015,-15.0,96.1500000000035,5,1538
82.21999999999956,2.2200000000000015,-15.0,96.1450000000035,5,1540
82.21999999999956,2.2200000000000015,-15.0,96.14000000000351,5,1542
82.21999999999956,2.2200000000000015,-15.0,96.13500000000352,5,1544
82.21999999999956,2.2200000000000015,-15.0,96.13000000000352,5,1546
82.21999999999956,2.2200000000000015,-15.0,96.12500000000352,5,1548
82.21999999999956,2.2200000000000015,-15.0,96.12000000000353,5,1550
82.21999999999956,2.2200000000000015,-15.0,96.11500000000353,5,1552
82.23999999999955,2.2400000000000015,-15.0,96.11000000000354,5,1554
82.23999999999955,2.2400000000000015,-15.0,96.10500000000354,5,1556
82.23999999999955,2.2400000000000015,-15.0,96.10000000000355,5,1558
82.23999999999955,2.2400000000000015,-15.0,96.09500000000355,5,1560
82.23999999999955,2.2400000000000015,-15.0,96.09000000000356,5,1562
82.23999999999955,2.2400000000000015,-15.0,96.08500000000356,5,1564
82.23999999999955,2.2400000000000015,-15.0,96.08000000000357,5,1566
82.25999999999955,2.2600000000000016,-15.0,96.07500000000357,5,1568
82.25999999999955,2.2600000000000016,-15.0,96.07000000000357,5,1570
82.25999999999955,2.2600000000000016,-15.0,96.06500000000358,5,1572
82.25999999999955,2.2600000000000016,-15.0,96.06000000000358,5,1574
82.25999999999955,2.2600000000000016,-15.0,96.05500000000359,5,1576
82.25999999999955,2.2600000000000016,-15.0,96.05000000000359,5,1578
82.25999999999955,2.2600000000000016,-15.0,96.0450000000036,5,1580
82.27999999999955,2.2800000000000016,-15.0,96.0400000000036,5,1582
82.27999999999955,2.2800000000000016,-15.0,96.0350000000036,5,1584
82.27999999999955,2.2800000000000016,-15.0,96.03000000000361,5,1586
82.27999999999955,2.2800000000000016,-15.0,96.02500000000362,5,1588
82.27999999999955,2.2800000000000016,-15.0,96.02000000000362,5,1590
82.27999999999955,2.2800000000000016,-15.0,96.01500000000362,5,1592
82.27999999999955,2.2800000000000016,-15.0,96.01000000000363,5,1594
82.29999999999954,2.3000000000000016,-15.0,96.00500000000363,5,1596
82.29999999999954,2.3000000000000016,-15.0,96.00000000000364,5,1598
82.29999999999954,2.3000000000000016,-14.9,95.99500000000364,5,1600
82.29999999999954,2.3000000000000016,-14.9,95.99000000000365,5,1602
82.29999999999954,2.3000000000000016,-14.9,95.98500000000365,5,1604
82.29999999999954,2.3000000000000016,-14.9,95.98000000000366,5,1606
82.29999999999954,2.3000000000000016,-14.9,95.97500000000366,5,1608
82.31999999999954,2.3200000000000016,-14.9,95.97000000000367,5,1610
82.31999999999954,2.3200000000000016,-14.9,95.96500000000367,5,1612
82.31999999999954,2.3200000000000016,-14.9,95.96000000000367,5,1614
82.31999999999954,2.3200000000000016,-14.9,95.95500000000368,5,1616
82.31999999999954,2.3200000000000016,-14.9,95.95000000000368,5,1618
82.31999999999954,2.3200000000000016,-14.9,95.94500000000369,5,1620
82.31999999999954,2.3200000000000016,-14.9,95.94000000000369,5,1622
82.33999999999953,2.3400000000000016,-14.9,95.9350000000037,5,1624
82.33999999999953,2.3400000000000016,-14.9,95.9300000000037,5,1626
82.33999999999953,2.3400000000000016,-14.9,95.9250000000037,5,1628
82.33999999999953,2.3400000000000016,-14.9,95.92000000000371,5,1630
82.33999999999953,2.3400000000000016,-14.9,95.91500000000372,5,1632
82.33999999999953,2.3400000000000016,-14.9,95.91000000000372,5,1634
82.33999999999953,2.3400000000000016,-14.9,95.90500000000372,5,1636
82.35999999999953,2.3600000000000017,-14.9,95.90000000000373,5,1638
82.35999999999953,2.3600000000000017,-14.9,95.89500000000373,5,1640
82.35999999999953,2.3600000000000017,-14.9,95.89000000000374,5,1642
82.35999999999953,2.3600000000000017,-14.9,95.88500000000374,5,1644
82.35999999999953,2.3600000000000017,-14.9,95.88000000000375,5,1646
82.35999999999953,2.3600000000000017,-14.9,95.87500000000375,5,1648
82.35999999999953,2.3600000000000017,-14.9,95.87000000000376,5,1650
82.37999999999953,2.3800000000000017,-14.9,95.86500000000376,5,1652
82.37999999999953,2.3800000000000017,-14.9,95.86000000000377,5,1654
82.37999999999953,2.3800000000000017,-14.9,95.85500000000377,5,1656
82.37999999999953,2.3800000000000017,-14.9,95.85000000000377,5,1658
82.37999999999953,2.3800000000000017,-14.9,95.84500000000378,5,1660
82.37999999999953,2.3800000000000017,-14.9,95.84000000000378,5,1662
82.37999999999953,2.3800000000000017,-14.9,95.83500000000379,5,1664
82.39999999999952,2.4000000000000017,-14.9,95.83000000000379,5,1666
82.39999999999952,2.4000000000000017,-14.9,95.8250000000038,5,1668
82.39999999999952,2.4000000000000017,-14.9,95.8200000000038,5,1670
82.39999999999952,2.4000000000000017,-14.9,95.8150000000038,5,1672
82.39999999999952,2.4000000000000017,-14.9,95.81000000000381,5,1674
82.39999999999952,2.4000000000000017,-14.9,95.80500000000382,5,1676
82.39999999999952,2.4000000000000017,-14.9,95.80000000000382,5,1678
82.41999999999952,2.4200000000000017,-14.9,95.79500000000382,5,1680
82.41999999999952,2.4200000000000017,-14.9,95.79000000000383,5,1682
82.41999999999952,2.4200000000000017,-14.9,95.78500000000383,5,1684
82.41999999999952,2.4200000000000017,-14.9,95.78000000000384,5,1686
82.41999999999952,2.4200000000000017,-14.9,95.77500000000384,5,1688
82.41999999999952,2.4200000000000017,-14.9,95.77000000000385,5,1690
82.41999999999952,2.4200000000000017,-14.9,95.76500000000385,5,1692
82.43999999999951,2.4400000000000017,-14.9,95.76000000000386,5,1694
82.43999999999951,2.4400000000000017,-14.9,95.75500000000386,5,1696
82.43999999999951,2.4400000000000017,-14.9,95.75000000000387,5,1698
82.43999999999951,2.4400000000000017,-14.9,95.74500000000387,5,1700
82.43999999999951,2.4400000000000017,-14.9,95.74000000000387,5,1702
82.43999999999951,2.4400000000000017,-14.9,95.73500000000388,5,1704
82.43999999999951,2.4400000000000017,-14.9,95.73000000000388,5,1706
82.45999999999951,2.4600000000000017,-14.9,95.72500000000389,5,1708
82.45999999999951,2.4600000000000017,-14.9,95.72000000000389,5,1710
82.45999999999951,2.4600000000000017,-14.9,95.7150000000039,5,1712
82.45999999999951,2.4600000000000017,-14.9,95.7100000000039,5,1714
82.45999999999951,2.4600000000000017,-14.9,95.7050000000039,5,1716
82.45999999999951,2.4600000000000017,-14.9,95.70000000000391,5,1718
82.45999999999951,2.4600000000000017,-14.9,95.69500000000392,5,1720
82.4799999999995,2.4800000000000018,-14.9,95.69000000000392,5,1722
82.4799999999995,2.4800000000000018,-14.9,95.68500000000392,5,1724
82.4799999999995,2.4800000000000018,-14.9,95.68000000000393,5,1726
82.4799999999995,2.4800000000000018,-14.9,95.67500000000393,5,1728
82.4799999999995,2.4800000000000018,-14.9,95.67000000000394,5,1730
82.4799999999995,2.4800000000000018,-14.9,95.66500000000394,5,1732
82.4799999999995,2.4800000000000018,-14.9,95.66000000000395,5,1734
82.4999999999995,2.5000000000000018,-14.9,95.65500000000395,5,1736
82.4999999999995,2.5000000000000018,-14.9,95.65000000000396,5,1738
82.4999999999995,2.5000000000000018,-14.9,95.64500000000396,5,1740
82.4999999999995,2.5000000000000018,-14.9,95.64000000000397,5,1742
82.4999999999995,2.5000000000000018,-14.9,95.63500000000397,5,1744
82.4999999999995,2.5000000000000018,-14.9,95.63000000000397,5,1746
82.4999999999995,2.5000000000000018,-14.9,95.62500000000398,5,1748
82.5199999999995,2.520000000000002,-14.9,95.62000000000398,5,1750
82.5199999999995,2.520000000000002,-14.9,95.61500000000399,5,1752
82.5199999999995,2.520000000000002,-14.9,95.61000000000399,5,1754
82.5199999999995,2.520000000000002,-14.9,95.605000000004,5,1756
82.5199999999995,2.520000000000002,-14.9,95.600000000004,5,1758
82.5199999999995,2.520000000000002,-14.9,95.595000000004,5,1760
82.5199999999995,2.520000000000002,-14.9,95.59000000000401,5,1762
82.5399999999995,2.540000000000002,-14.9,95.58500000000402,5,1764
82.5399999999995,2.540000000000002,-14.9,95.58000000000402,5,1766
82.5399999999995,2.540000000000002,-14.9,95.57500000000402,5,1768
82.5399999999995,2.540000000000002,-14.9,95.57000000000403,5,1770
82.5399999999995,2.540000000000002,-14.9,95.56500000000403,5,1772
82.5399999999995,2.540000000000002,-14.9,95.56000000000404,5,1774
82.5399999999995,2.540000000000002,-14.9,95.55500000000404,5,1776
82.55999999999949,2.560000000000002,-14.9,95.55000000000405,5,1778
82.55999999999949,2.560000000000002,-14.9,95.54500000000405,5,1780
82.55999999999949,2.560000000000002,-14.9,95.54000000000406,5,1782
82.55999999999949,2.560000000000002,-14.9,95.53500000000406,5,1784
82.55999999999949,2.560000000000002,-14.9,95.53000000000407,5,1786
82.55999999999949,2.560000000000002,-14.9,95.52500000000407,5,1788
82.55999999999949,2.560000000000002,-14.9,95.52000000000407,5,1790
82.57999999999949,2.580000000000002,-14.9,95.51500000000408,5,1792
82.57999999999949,2.580000000000002,-14.9,95.51000000000408,5,1794
82.57999999999949,2.580000000000002,-14.9,95.50500000000409,5,1796
82.57999999999949,2.580000000000002,-14.9,95.50000000000409,5,1798
